,2018-Blockzilla,Website,rank
298,3,google.com,1
572,6,youtube.com,2
517,1,tmall.com,3
451,3,qq.com,4
178,1,baidu.com,5
498,1,sohu.com,6
259,2,facebook.com,7
512,3,taobao.com,8
124,1,360.cn,10
154,3,amazon.com,11
567,1,yahoo.com,12
128,3,weibo.com,13
559,1,wikipedia.org,14
487,17,sina.com.cn,15
416,4,netflix.com,16
463,2,reddit.com,19
337,5,instagram.com,20
143,1,alipay.com,21
300,3,google.com.hk,22
569,1,zhanqi.tv,23
407,1,microsoft.com,24
442,1,panda.tv,25
225,2,csdn.net,26
188,1,bing.com,27
113,3,vk.com,28
561,1,yahoo.co.jp,32
18,1,bongacams.com,33
534,1,twitch.tv,34
94,3,stackoverflow.com,35
584,11,zoom.us,36
434,1,office.com,37
571,7,yy.com,38
148,3,aliexpress.com,39
509,1,tianya.cn,40
156,3,amazon.in,41
240,14,ebay.com,42
19,14,chaturbate.com,43
150,4,amazon.co.jp,44
409,5,naver.com,45
7,1,17ok.com,48
544,2,whatsapp.com,49
149,5,adobe.com,50
376,4,linkedin.com,51
500,1,so.com,52
485,4,shopify.com,54
170,4,aparat.com,55
127,7,wordpress.com,57
521,4,tradingview.com,58
67,0,ok.ru,59
262,3,etsy.com,60
61,1,mail.ru,61
399,8,msn.com,62
335,4,imdb.com,63
448,23,pornhub.com,65
518,7,tribunnews.com,66
578,4,xhamster.com,68
339,3,indeed.com,69
253,9,espn.com,70
452,3,rakuten.co.jp,72
171,5,apple.com,73
564,1,xvideos.com,75
139,3,6.cn,76
545,6,walmart.com,77
157,3,amazon.de,78
193,7,booking.com,79
285,7,gome.com.cn,81
304,3,google.com.br,82
38,1,github.com,84
12,74,babytree.com,85
531,2,udemy.com,86
106,1,telegram.org,87
235,17,dropbox.com,88
195,3,chase.com,90
450,12,pikiran-rakyat.com,91
206,1,cnblogs.com,92
145,1,alibaba.com,94
466,4,roblox.com,95
293,3,google.co.jp,96
273,21,flipkart.com,98
323,12,hao123.com,99
453,1,primevideo.com,101
281,0,freepik.com,102
457,0,rednet.cn,103
132,0,163.com,105
338,2,instructure.com,106
321,11,hotstar.com,107
175,5,bestbuy.com,108
310,3,google.de,109
184,15,bilibili.com,110
230,3,digikala.com,111
176,6,bbc.com,113
50,7,imgur.com,115
287,1,godaddy.com,116
256,20,ettoday.net,118
313,3,google.ru,119
479,19,salesforce.com,120
21,7,coinmarketcap.com,122
427,21,nytimes.com,123
532,6,tumblr.com,124
309,4,grammarly.com,126
577,7,zillow.com,128
98,2,stackexchange.com,130
341,2,ilovepdf.com,131
218,51,cnn.com,132
543,7,w3schools.com,133
363,11,kompas.com,134
418,5,nih.gov,135
307,1,google.it,136
137,3,51.la,138
97,5,slack.com,139
449,12,pixnet.net,140
174,1,bbc.co.uk,141
308,3,google.com.tw,142
228,5,detik.com,143
356,0,jiameng.com,144
151,3,amazon.ca,145
499,5,speedtest.net,146
514,1,target.com,147
332,6,hulu.com,149
302,1,google.com.sg,150
447,4,pexels.com,151
224,10,daum.net,152
272,19,fiverr.com,153
131,4,wetransfer.com,155
11,0,archive.org,156
179,2,bet9ja.com,158
317,1,gosuslugi.ru,159
554,4,wix.com,160
573,10,zendesk.com,161
207,1,cnet.com,162
436,2,onlinesbi.com,163
344,11,indiatimes.com,164
390,5,mercari.com,165
68,1,pixabay.com,166
471,3,researchgate.net,167
32,1,envato.com,168
558,1,xnxx.com,169
180,1,bet365.com,170
260,8,farfetch.com,171
35,1,duckduckgo.com,172
524,4,trendyol.com,173
53,7,hbomax.com,174
429,1,okezone.com,175
525,1,tudou.com,176
392,3,mediafire.com,177
160,6,americanexpress.com,178
49,3,kumparan.com,179
482,1,sindonews.com,180
117,3,tistory.com,181
119,3,unsplash.com,182
161,3,amazon.it,184
92,4,smallpdf.com,185
327,2,homedepot.com,187
492,1,sogou.com,188
81,3,quizlet.com,189
353,2,intuit.com,190
488,8,slideshare.net,194
280,37,geeksforgeeks.org,195
164,5,avito.ru,197
480,8,scribd.com,198
204,1,chess.com,199
328,6,hdfcbank.com,200
469,7,rokna.net,202
292,3,google.co.uk,203
384,10,macys.com,204
60,7,mailchimp.com,206
326,22,healthline.com,207
347,1,ikea.com,208
268,16,forbes.com,209
121,10,vimeo.com,213
168,1,ask.com,214
299,3,google.com.tr,215
220,21,dailymotion.com,216
196,1,capitalone.com,217
435,2,okta.com,219
135,26,51yes.com,220
91,1,steamcommunity.com,221
548,7,wellsfargo.com,222
172,2,asos.com,223
551,20,washingtonpost.com,224
508,1,telewebion.com,225
217,2,cnnic.cn,226
568,6,yelp.com,228
587,6,zol.com.cn,229
369,1,lazada.sg,230
192,24,businessinsider.com,232
581,3,cricbuzz.com,234
99,1,soso.com,236
377,15,ltn.com.tw,237
439,9,ozon.ru,238
201,14,chegg.com,239
283,4,globo.com,241
350,31,investopedia.com,242
100,22,spankbang.com,243
263,6,etoro.com,244
162,3,amazon.fr,245
142,31,airbnb.com,246
296,3,google.ca,247
246,10,ebay.de,248
213,3,costco.com,249
183,3,bluehost.com,250
26,1,crypto.com,251
382,14,manoramaonline.com,252
87,4,shaparak.ir,254
320,8,hepsiburada.com,255
505,5,taboola.com,257
279,18,foxnews.com,258
187,4,blackboard.com,259
458,7,rakuten.com,260
69,1,padlet.com,261
352,12,investing.com,262
550,1,wikimedia.org,263
483,2,shutterstock.com,264
393,1,mercadolibre.com.mx,265
297,3,google.com.sa,266
120,1,thepiratebay.org,267
405,0,metropoles.com,268
301,3,google.com.mx,270
459,11,realtor.com,271
351,3,irctc.co.in,273
303,1,google.com.eg,274
105,1,themeforest.net,275
503,0,suara.com,276
423,3,nike.com,277
586,4,y2mate.com,278
231,2,dell.com,279
144,19,albawabhnews.com,280
20,4,bybit.com,281
408,1,namasha.com,283
378,3,liansuo.com,285
333,3,icicibank.com,286
430,10,op.gg,287
305,3,google.com.ar,288
456,45,proiezionidiborsa.it,289
541,5,usps.com,290
497,2,sonhoo.com,292
324,2,gusuwang.com,294
245,11,ebay.co.uk,296
130,6,wordpress.org,297
58,1,namnak.com,298
295,3,google.co.th,299
267,1,fedex.com,301
212,1,coupang.com,303
496,1,sq.cn,304
166,47,aol.com,306
314,3,google.pl,307
364,11,kohls.com,308
473,3,sahibinden.com,309
17,1,axieinfinity.com,312
36,5,evernote.com,313
265,1,focus.cn,314
522,5,tripadvisor.com,316
468,7,rt.com,318
575,1,yts.mx,319
421,1,nfl.com,320
108,1,t.co,321
464,5,redfin.com,322
86,2,shopee.tw,323
286,3,google.co.id,324
244,7,eatthis.com,325
502,2,ssense.com,327
582,4,zerodha.com,328
159,3,amazon.es,330
441,1,patreon.com,331
3,8,ai.marketing,332
477,10,setn.com,333
270,4,formula1.com,334
52,9,heavy.com,335
129,6,web.de,337
401,3,myntra.com,338
414,12,ndtv.com,340
114,7,uchi.ru,342
47,2,ibicn.com,343
208,4,cnbc.com,344
62,1,medium.com,345
4,1,1337x.to,347
387,2,mercadolibre.com.ar,348
199,11,cbssports.com,349
349,10,istockphoto.com,350
278,3,gmx.net,351
222,32,crunchyroll.com,352
494,16,sporx.com,353
182,29,bloomberg.com,355
294,5,goodreads.com,357
424,11,nicovideo.jp,358
563,10,yoox.com,359
173,7,att.com,360
25,61,crowdworks.jp,361
527,12,uol.com.br,362
66,4,onlyfans.com,363
579,1,yjc.news,365
80,1,quillbot.com,366
261,6,expedia.com,367
345,9,in.gr,368
194,1,breitbart.com,369
125,3,weather.com,370
15,9,ca.gov,371
555,11,xfinity.com,372
465,23,reuters.com,373
340,0,inquirer.net,375
205,1,clickbank.com,377
374,11,lowes.com,378
89,14,ria.ru,379
410,6,mytheresa.com,380
359,3,iyiou.com,381
291,1,google.cn,382
490,0,shein.com,383
513,15,thesaurus.com,384
250,2,ensonhaber.com,385
8,47,alwafd.news,387
474,5,sciencedirect.com,390
257,1,fardanews.com,391
389,2,mercadolivre.com.br,392
126,1,wazirx.com,393
523,10,tokopedia.com,394
383,4,marca.com,395
27,1,divar.ir,396
391,7,mathrubhumi.com,397
354,4,iqiyi.com,400
95,5,slickdeals.net,401
227,10,deviantart.com,402
269,9,fool.com,403
312,3,google.com.ua,405
431,5,orange.fr,406
520,2,trustpilot.com,407
185,1,biobiochile.cl,409
48,9,hootsuite.com,410
22,1,coinpayu.com,411
537,9,verizon.com,412
562,1,zara.com,413
495,13,squarespace.com,414
271,1,filimo.com,415
419,2,noon.com,417
542,1,w3school.com.cn,418
255,2,epicgames.com,420
336,3,indiamart.com,421
198,0,chaduo.com,422
1,1,ameblo.jp,424
289,3,google.co.kr,425
115,1,torob.com,426
234,5,dmm.co.jp,427
361,1,japanpost.jp,428
443,3,pcbaby.com.cn,429
77,1,protonmail.com,430
467,9,rottentomatoes.com,431
266,1,fidelity.com,432
576,1,zhihu.com,433
284,1,gismeteo.ru,435
583,1,xhamsterlive.com,436
247,1,eghtesadnews.com,439
236,8,douban.com,440
394,1,meituan.com,441
406,1,mit.edu,442
386,15,merdeka.com,443
432,15,ouedkniss.com,444
112,3,tinder.com,445
264,1,flickr.com,446
380,10,lyst.com,447
549,1,vvvdj.com,448
444,15,outbrain.com,449
252,1,endclothing.com,450
214,16,coursehero.com,452
484,2,shippingchina.com,454
462,2,rambler.ru,455
104,1,teachable.com,456
501,6,softonic.com,457
16,1,cjdropshipping.com,458
343,3,iliangcang.com,459
153,2,amazon.com.au,462
395,2,meesho.com,463
478,6,seznam.cz,464
219,7,codelist.cc,465
334,4,idntimes.com,466
24,1,codepen.io,467
282,8,freelancer.com,468
454,1,qoo10.sg,470
412,4,naukri.com,471
346,1,ih5.cn,472
96,11,squareup.com,473
242,12,ea.com,474
470,1,runoob.com,475
28,1,discordapp.com,476
90,3,shopee.vn,477
46,1,go.com,478
134,8,academia.edu,480
45,2,iweihai.cn,481
155,1,alodokter.com,482
241,11,ebay-kleinanzeigen.de,483
221,14,cvs.com,484
72,3,people.com.cn,485
325,10,gsmarena.com,486
381,9,matchesfashion.com,487
455,6,premierleague.com,488
215,1,coinbase.com,490
540,24,usnews.com,491
59,1,myworkdayjobs.com,492
189,1,bhphotovideo.com,493
557,4,wp.pl,494
373,1,livescore.com,495
368,1,lazada.co.th,496
433,1,oschina.net,497
570,20,youporn.com,498
530,14,tutorialspoint.com,499
385,15,makemytrip.com,500
318,3,google.ro,501
311,1,google.gr,502
79,5,razorpay.com,503
461,2,redbubble.com,504
422,15,newegg.com,505
141,4,addthis.com,507
122,2,258.com,508
83,1,shareasale.com,509
75,12,nypost.com,510
211,25,cnbeta.com,511
413,3,namecheap.com,512
547,17,webmd.com,513
565,17,yeniakit.com.tr,514
70,1,pngtree.com,516
379,1,liputan6.com,517
0,8,allegro.pl,518
560,27,worldometers.info,519
460,2,renren.com,520
216,15,cnnindonesia.com,521
158,4,android.com,522
191,10,bukalapak.com,523
275,12,globalsources.com,524
398,4,moneycontrol.com,526
375,3,livejournal.com,527
41,4,getadblock.com,528
556,3,xabbs.com,530
367,8,kooora.com,532
82,1,saednews.com,533
574,27,zhibo8.cc,534
42,10,genius.com,535
229,1,delta.com,536
290,1,google.az,537
536,5,usatoday.com,539
103,1,stripchat.com,540
138,1,9384.com,541
93,9,sourceforge.net,542
402,1,messenger.com,545
152,3,amazon.com.br,549
526,9,ubereats.com,550
88,3,shopee.co.th,551
169,3,babyschool.com.cn,552
34,1,disqus.com,553
481,13,shopbop.com,554
546,10,walgreens.com,555
535,17,upwork.com,556
29,14,elpais.com,557
110,1,t66y.com,558
533,14,ultimate-guitar.com,559
417,19,news18.com,560
420,9,npr.org,561
73,5,nextdoor.com,562
44,13,kakaku.com,563
197,9,cambridge.org,564
23,1,depositphotos.com,565
348,12,irs.gov,566
203,1,chinanetrank.com,567
316,1,google.com.vn,569
146,8,adp.com,570
254,19,elbalad.news,571
329,1,huim.com,574
322,5,hostgator.com,575
243,13,ebay.com.au,576
529,0,uptodown.com,577
510,1,tamin.ir,578
306,3,google.com.au,579
472,3,riotgames.com,580
202,2,cj.com,582
101,8,stockx.com,583
358,1,it168.com,584
357,30,jawapos.com,585
491,11,sportbible.com,586
10,3,chouftv.ma,587
476,4,schwab.com,588
539,1,vidio.com,589
553,1,ximalaya.com,590
209,4,cloudflare.com,591
163,4,atlassian.com,592
396,1,mehrnews.com,594
360,1,jotform.com,595
372,2,leboncoin.fr,596
102,1,tejaratnews.com,597
331,16,ign.com,598
428,0,oeeee.com,599
330,1,house365.com,600
366,14,kapanlagi.com,602
76,2,poki.com,603
538,1,visitbeijing.com.cn,604
147,1,agoda.com,605
274,5,flashscore.com,606
251,18,elwatannews.com,607
516,25,ticketmaster.com,609
107,28,techcrunch.com,610
200,6,chron.com,611
226,1,dianping.com,612
55,2,lenta.ru,613
489,3,shutterfly.com,615
411,23,nba.com,617
507,1,substack.com,618
446,12,pcmag.com,619
445,0,pchome.com.tw,620
31,21,eksisozluk.com,621
6,14,9gag.com,622
475,10,sarkariresult.com,623
258,4,eventbrite.com,624
355,1,jianshu.com,625
123,7,vnexpress.net,626
239,6,doordash.com,627
425,3,note.com,628
210,1,clickfunnels.com,631
111,49,uidai.gov.in,633
136,5,52pk.com,635
580,1,canada.ca,636
277,1,freecodecamp.org,637
190,1,bolasport.com,638
249,1,ecer.com,640
165,10,asriran.com,641
403,7,merriam-webster.com,642
74,11,patch.com,645
388,15,medicalnewstoday.com,646
9,12,as.com,648
40,5,freshdesk.com,649
519,4,topfo.com,650
397,1,morningpost.com.cn,651
57,4,metamask.io,652
30,2,elementor.com,653
238,1,docin.com,654
5,25,ahram.org.eg,655
504,4,t-mobile.com,656
233,12,dostor.org,657
118,3,trustwallet.com,658
276,45,gap.com,660
186,5,biblegateway.com,662
371,2,kdslife.com,663
362,1,kuronekoyamato.co.jp,665
116,10,trello.com,666
288,1,google.co.ve,668
493,4,southcn.com,669
566,1,zhiding.cn,670
65,7,parsfootball.com,673
404,8,mheducation.com,674
71,1,ngacn.cc,675
365,11,ladbible.com,676
2,14,allrecipes.com,677
315,1,google.dz,678
515,8,theepochtimes.com,679
37,1,fontawesome.com,682
248,3,eee114.com,683
437,12,olx.in,684
552,6,wish.com,685
415,6,n11.com,686
13,1,bitly.com,687
33,1,dnevnik.ru,688
342,7,iherb.com,689
39,5,fril.jp,690
78,15,prnt.sc,691
585,1,lenovo.com,694
223,6,dangdang.com,695
400,14,mrporter.com,696
56,5,monday.com,697
54,2,mihoyo.com,698
14,4,animeflv.net,699
64,1,opensea.io,700
133,21,accuweather.com,701
232,73,dcinside.com,703
63,1,leetcode.com,704
109,2,taleo.net,705
140,1,51sole.com,706
237,7,dstv.com,707
43,1,info.com,708
319,4,hindustantimes.com,709
177,9,bedbathandbeyond.com,710
181,19,bhaskar.com,711
511,1,thingiverse.com,712
486,8,shopstyle.com,713
51,0,ionos.com,716
528,1,turkiye.gov.tr,718
370,4,kickstarter.com,720
84,1,roozaneh.net,721
85,6,seekingalpha.com,722
426,10,nikkei.com,723
438,1,otto.de,724
440,4,overstock.com,725
167,1,asus.com,726
506,4,surveymonkey.com,729
