2018-Blockzilla,Website
8,allegro.pl
1,ameblo.jp
14,allrecipes.com
8,ai.marketing
1,1337x.to
25,ahram.org.eg
14,9gag.com
1,17ok.com
47,alwafd.news
12,as.com
3,chouftv.ma
0,archive.org
74,babytree.com
1,bitly.com
4,animeflv.net
9,ca.gov
1,cjdropshipping.com
1,axieinfinity.com
1,bongacams.com
14,chaturbate.com
4,bybit.com
7,coinmarketcap.com
1,coinpayu.com
1,depositphotos.com
1,codepen.io
61,crowdworks.jp
1,crypto.com
1,divar.ir
1,discordapp.com
14,elpais.com
2,elementor.com
21,eksisozluk.com
1,envato.com
1,dnevnik.ru
1,disqus.com
1,duckduckgo.com
5,evernote.com
1,fontawesome.com
1,github.com
5,fril.jp
5,freshdesk.com
4,getadblock.com
10,genius.com
1,info.com
13,kakaku.com
2,iweihai.cn
1,go.com
2,ibicn.com
9,hootsuite.com
3,kumparan.com
7,imgur.com
0,ionos.com
9,heavy.com
7,hbomax.com
2,mihoyo.com
2,lenta.ru
5,monday.com
4,metamask.io
1,namnak.com
1,myworkdayjobs.com
7,mailchimp.com
1,mail.ru
1,medium.com
1,leetcode.com
1,opensea.io
7,parsfootball.com
4,onlyfans.com
0,ok.ru
3,newsreader@ebc.net.tw
1,pixabay.com
1,padlet.com
1,pngtree.com
1,ngacn.cc
3,people.com.cn
5,nextdoor.com
11,patch.com
12,nypost.com
2,poki.com
1,protonmail.com
15,prnt.sc
5,razorpay.com
1,quillbot.com
3,quizlet.com
1,saednews.com
1,shareasale.com
1,roozaneh.net
6,seekingalpha.com
2,shopee.tw
4,shaparak.ir
3,shopee.co.th
14,ria.ru
3,shopee.vn
1,steamcommunity.com
4,smallpdf.com
9,sourceforge.net
3,stackoverflow.com
5,slickdeals.net
11,squareup.com
5,slack.com
2,stackexchange.com
1,soso.com
22,spankbang.com
8,stockx.com
1,tejaratnews.com
1,stripchat.com
1,teachable.com
1,themeforest.net
1,telegram.org
28,techcrunch.com
1,t.co
2,taleo.net
1,t66y.com
49,uidai.gov.in
3,tinder.com
3,vk.com
7,uchi.ru
1,torob.com
10,trello.com
3,tistory.com
3,trustwallet.com
3,unsplash.com
1,thepiratebay.org
10,vimeo.com
2,258.com
7,vnexpress.net
1,360.cn
3,weather.com
1,wazirx.com
7,wordpress.com
3,weibo.com
6,web.de
6,wordpress.org
4,wetransfer.com
0,163.com
21,accuweather.com
8,academia.edu
26,51yes.com
5,52pk.com
3,51.la
1,9384.com
3,6.cn
1,51sole.com
4,addthis.com
31,airbnb.com
1,alipay.com
19,albawabhnews.com
1,alibaba.com
8,adp.com
1,agoda.com
3,aliexpress.com
5,adobe.com
4,amazon.co.jp
3,amazon.ca
3,amazon.com.br
2,amazon.com.au
3,amazon.com
1,alodokter.com
3,amazon.in
3,amazon.de
4,android.com
3,amazon.es
6,americanexpress.com
3,amazon.it
3,amazon.fr
4,atlassian.com
5,avito.ru
10,asriran.com
47,aol.com
1,asus.com
1,ask.com
3,babyschool.com.cn
4,aparat.com
5,apple.com
2,asos.com
7,att.com
1,bbc.co.uk
5,bestbuy.com
6,bbc.com
9,bedbathandbeyond.com
1,baidu.com
2,bet9ja.com
1,bet365.com
19,bhaskar.com
29,bloomberg.com
3,bluehost.com
15,bilibili.com
1,biobiochile.cl
5,biblegateway.com
4,blackboard.com
1,bing.com
1,bhphotovideo.com
1,bolasport.com
10,bukalapak.com
24,businessinsider.com
7,booking.com
1,breitbart.com
3,chase.com
1,capitalone.com
9,cambridge.org
0,chaduo.com
11,cbssports.com
6,chron.com
14,chegg.com
2,cj.com
1,chinanetrank.com
1,chess.com
1,clickbank.com
1,cnblogs.com
1,cnet.com
4,cnbc.com
4,cloudflare.com
1,clickfunnels.com
25,cnbeta.com
1,coupang.com
3,costco.com
16,coursehero.com
1,coinbase.com
15,cnnindonesia.com
2,cnnic.cn
51,cnn.com
7,codelist.cc
21,dailymotion.com
14,cvs.com
32,crunchyroll.com
6,dangdang.com
10,daum.net
2,csdn.net
1,dianping.com
10,deviantart.com
5,detik.com
1,delta.com
3,digikala.com
2,dell.com
73,dcinside.com
12,dostor.org
5,dmm.co.jp
17,dropbox.com
8,douban.com
7,dstv.com
1,docin.com
6,doordash.com
14,ebay.com
11,ebay-kleinanzeigen.de
12,ea.com
13,ebay.com.au
7,eatthis.com
11,ebay.co.uk
10,ebay.de
1,eghtesadnews.com
3,eee114.com
1,ecer.com
2,ensonhaber.com
18,elwatannews.com
1,endclothing.com
9,espn.com
19,elbalad.news
2,epicgames.com
20,ettoday.net
1,fardanews.com
4,eventbrite.com
2,facebook.com
8,farfetch.com
6,expedia.com
3,etsy.com
6,etoro.com
1,flickr.com
1,focus.cn
1,fidelity.com
1,fedex.com
16,forbes.com
9,fool.com
4,formula1.com
1,filimo.com
19,fiverr.com
21,flipkart.com
5,flashscore.com
12,globalsources.com
45,gap.com
1,freecodecamp.org
3,gmx.net
18,foxnews.com
37,geeksforgeeks.org
0,freepik.com
8,freelancer.com
4,globo.com
1,gismeteo.ru
7,gome.com.cn
3,google.co.id
1,godaddy.com
1,google.co.ve
3,google.co.kr
1,google.az
1,google.cn
3,google.co.uk
3,google.co.jp
5,goodreads.com
3,google.co.th
3,google.ca
3,google.com.sa
3,google.com
3,google.com.tr
3,google.com.hk
3,google.com.mx
1,google.com.sg
1,google.com.eg
3,google.com.br
3,google.com.ar
3,google.com.au
1,google.it
3,google.com.tw
4,grammarly.com
3,google.de
1,google.gr
3,google.com.ua
3,google.ru
3,google.pl
1,google.dz
1,google.com.vn
1,gosuslugi.ru
3,google.ro
4,hindustantimes.com
8,hepsiburada.com
11,hotstar.com
5,hostgator.com
12,hao123.com
2,gusuwang.com
10,gsmarena.com
22,healthline.com
2,homedepot.com
6,hdfcbank.com
1,huim.com
1,house365.com
16,ign.com
6,hulu.com
3,icicibank.com
4,idntimes.com
4,imdb.com
3,indiamart.com
5,instagram.com
2,instructure.com
3,indeed.com
0,inquirer.net
2,ilovepdf.com
7,iherb.com
3,iliangcang.com
11,indiatimes.com
9,in.gr
1,ih5.cn
1,ikea.com
12,irs.gov
10,istockphoto.com
31,investopedia.com
3,irctc.co.in
12,investing.com
2,intuit.com
4,iqiyi.com
1,jianshu.com
0,jiameng.com
30,jawapos.com
1,it168.com
3,iyiou.com
1,jotform.com
1,japanpost.jp
1,kuronekoyamato.co.jp
11,kompas.com
11,kohls.com
11,ladbible.com
14,kapanlagi.com
8,kooora.com
1,lazada.co.th
1,lazada.sg
4,kickstarter.com
2,kdslife.com
2,leboncoin.fr
1,livescore.com
11,lowes.com
3,livejournal.com
4,linkedin.com
15,ltn.com.tw
3,liansuo.com
1,liputan6.com
10,lyst.com
9,matchesfashion.com
14,manoramaonline.com
4,marca.com
10,macys.com
15,makemytrip.com
15,merdeka.com
2,mercadolibre.com.ar
15,medicalnewstoday.com
2,mercadolivre.com.br
5,mercari.com
7,mathrubhumi.com
3,mediafire.com
1,mercadolibre.com.mx
1,meituan.com
2,meesho.com
1,mehrnews.com
1,morningpost.com.cn
4,moneycontrol.com
8,msn.com
14,mrporter.com
3,myntra.com
1,messenger.com
7,merriam-webster.com
8,mheducation.com
0,metropoles.com
1,mit.edu
1,microsoft.com
1,namasha.com
5,naver.com
6,mytheresa.com
23,nba.com
4,naukri.com
3,namecheap.com
12,ndtv.com
6,n11.com
4,netflix.com
19,news18.com
5,nih.gov
2,noon.com
9,npr.org
1,nfl.com
15,newegg.com
3,nike.com
11,nicovideo.jp
3,note.com
10,nikkei.com
21,nytimes.com
0,oeeee.com
1,okezone.com
10,op.gg
5,orange.fr
15,ouedkniss.com
1,oschina.net
1,office.com
2,okta.com
2,onlinesbi.com
12,olx.in
1,otto.de
9,ozon.ru
4,overstock.com
1,patreon.com
1,panda.tv
3,pcbaby.com.cn
15,outbrain.com
0,pchome.com.tw
12,pcmag.com
4,pexels.com
23,pornhub.com
12,pixnet.net
12,pikiran-rakyat.com
3,qq.com
3,rakuten.co.jp
1,primevideo.com
1,qoo10.sg
6,premierleague.com
45,proiezionidiborsa.it
0,rednet.cn
7,rakuten.com
11,realtor.com
2,renren.com
2,redbubble.com
2,rambler.ru
2,reddit.com
5,redfin.com
23,reuters.com
4,roblox.com
9,rottentomatoes.com
7,rt.com
7,rokna.net
1,runoob.com
3,researchgate.net
3,riotgames.com
3,sahibinden.com
5,sciencedirect.com
10,sarkariresult.com
4,schwab.com
10,setn.com
6,seznam.cz
19,salesforce.com
8,scribd.com
13,shopbop.com
1,sindonews.com
2,shutterstock.com
2,shippingchina.com
4,shopify.com
8,shopstyle.com
17,sina.com.cn
8,slideshare.net
3,shutterfly.com
0,shein.com
11,sportbible.com
1,sogou.com
4,southcn.com
16,sporx.com
13,squarespace.com
1,sq.cn
2,sonhoo.com
1,sohu.com
5,speedtest.net
1,so.com
6,softonic.com
2,ssense.com
0,suara.com
4,t-mobile.com
5,taboola.com
4,surveymonkey.com
1,substack.com
1,telewebion.com
1,tianya.cn
1,tamin.ir
1,thingiverse.com
3,taobao.com
15,thesaurus.com
1,target.com
8,theepochtimes.com
25,ticketmaster.com
1,tmall.com
7,tribunnews.com
4,topfo.com
2,trustpilot.com
4,tradingview.com
5,tripadvisor.com
10,tokopedia.com
4,trendyol.com
1,tudou.com
9,ubereats.com
12,uol.com.br
1,turkiye.gov.tr
0,uptodown.com
14,tutorialspoint.com
2,udemy.com
6,tumblr.com
14,ultimate-guitar.com
1,twitch.tv
17,upwork.com
5,usatoday.com
9,verizon.com
1,visitbeijing.com.cn
1,vidio.com
24,usnews.com
5,usps.com
1,w3school.com.cn
7,w3schools.com
2,whatsapp.com
6,walmart.com
10,walgreens.com
17,webmd.com
7,wellsfargo.com
1,vvvdj.com
1,wikimedia.org
20,washingtonpost.com
6,wish.com
1,ximalaya.com
4,wix.com
11,xfinity.com
3,xabbs.com
4,wp.pl
1,xnxx.com
1,wikipedia.org
27,worldometers.info
1,yahoo.co.jp
1,zara.com
10,yoox.com
1,xvideos.com
17,yeniakit.com.tr
1,zhiding.cn
1,yahoo.com
6,yelp.com
1,zhanqi.tv
20,youporn.com
7,yy.com
6,youtube.com
10,zendesk.com
27,zhibo8.cc
1,yts.mx
1,zhihu.com
7,zillow.com
4,xhamster.com
1,yjc.news
1,canada.ca
3,cricbuzz.com
4,zerodha.com
1,xhamsterlive.com
11,zoom.us
1,lenovo.com
4,y2mate.com
6,zol.com.cn
